SALE TYPE,SOLD DATE,PROPERTY TYPE,ADDRESS,CITY,STATE OR PROVINCE,ZIP OR POSTAL CODE,PRICE,BEDS,BATHS,LOCATION,SQUARE FEET,LOT SIZE,YEAR BUILT,DAYS ON MARKET,$/SQUARE FEET,HOA/MONTH,STATUS,NEXT OPEN HOUSE START TIME,NEXT OPEN HOUSE END TIME,URL (SEE http://www.redfin.com/buy-a-home/comparative-market-analysis FOR INFO ON PRICING),SOURCE,MLS#,FAVORITE,INTERESTED,LATITUDE,LONGITUDE
MLS Listing,,Single Family Residential,2505 Deborah Dr,Beachwood,OH,44122,315000,3,2.5,Beachwood,1699,17859,1957,1,185,,Active,,,http://www.redfin.com/OH/Beachwood/2505-Deborah-Dr-44122/home/66168983,Yes MLS,4119115,N,Y,41.491439,-81.5076286
MLS Listing,,Single Family Residential,21961 Rye Rd,Shaker Heights,OH,44122,265000,4,2.5,Vansweringen Companys 44,3042,9583,1955,1,87,,Active,July-28-2019 02:00 PM,July-28-2019 03:30 PM,http://www.redfin.com/OH/Shaker-Heights/21961-Rye-Rd-44122/home/71046675,Yes MLS,4117635,N,Y,41.4750545,-81.5247777
MLS Listing,,Single Family Residential,18312 Lomond Blvd,Shaker Heights,OH,44122,79000,4,1.5,Vansweringen,1538,6534,1927,1,51,,Active,,,http://www.redfin.com/OH/Shaker-Heights/18312-Lomond-Blvd-44122/home/71052524,Yes MLS,4118936,N,Y,41.4601098,-81.5511525
MLS Listing,,Single Family Residential,3285 Somerset Dr,Beachwood,OH,44122,275000,4,2.5,Beachwood,2655,,1937,1,104,,Active,July-28-2019 02:30 PM,July-28-2019 04:30 PM,http://www.redfin.com/OH/Shaker-Heights/3285-Somerset-Dr-44122/home/71058137,Yes MLS,4118057,N,Y,41.4700876,-81.5318009
MLS Listing,,Single Family Residential,18429 Van Aken Blvd,Shaker Heights,OH,44122,189900,5,3.0,Vansweringen Companys 17,5441,12632,1952,3,35,,Active,,,http://www.redfin.com/OH/Shaker-Heights/18429-Van-Aken-Blvd-44122/home/66464891,Yes MLS,4118109,N,Y,41.4670082,-81.5499691
MLS Listing,,Single Family Residential,2963 Courtland Blvd,Shaker Heights,OH,44122,599000,6,5.0,Shaker Heights,4759,17859,1935,4,126,,Active,July-28-2019 12:00 PM,July-28-2019 01:30 PM,http://www.redfin.com/OH/Shaker-Heights/2963-Courtland-Blvd-44122/home/66198902,Yes MLS,4116578,N,Y,41.4755566,-81.5426086
MLS Listing,,Single Family Residential,23465 Letchworth Rd,Beachwood,OH,44122,315000,3,2.5,Shaker Country Estates 32,1801,13503,1956,4,175,,Active,July-28-2019 12:00 PM,July-28-2019 01:30 PM,http://www.redfin.com/OH/Beachwood/23465-Letchworth-Rd-44122/home/71058987,Yes MLS,4117604,N,Y,41.4674281,-81.5140171
MLS Listing,,Single Family Residential,2570 Edgewood Rd,Beachwood,OH,44122,255000,4,2.5,Fairmount Greens,1651,7405,1951,4,154,,Active,,,http://www.redfin.com/OH/Beachwood/2570-Edgewood-Rd-44122/home/66083970,Yes MLS,4117079,N,Y,41.4896216,-81.5129452
MLS Listing,,Single Family Residential,2673 Rochester Rd,Shaker Heights,OH,44122,319900,4,3.0,Van Sweringen Cos 30,3240,12196,1956,7,99,,Active,,,http://www.redfin.com/OH/Shaker-Heights/2673-Rochester-Rd-44122/home/66273855,Yes MLS,4117083,N,Y,41.4844102,-81.508454
MLS Listing,,Single Family Residential,20976 Claythorne Rd,Shaker Heights,OH,44122,575000,5,3.5,Vansweringen Companys 28,4300,15245,1940,7,134,,Pre On-Market,,,http://www.redfin.com/OH/Shaker-Heights/20976-Claythorne-Rd-44122/home/66560032,Yes MLS,4116852,N,Y,41.4840617,-81.5321935
MLS Listing,,Condo/Co-op,10 Saratoga Ct,Beachwood,OH,44122,346000,3,2.5,Warrensville,2758,1742,1991,7,125,645,Pre On-Market,,,http://www.redfin.com/OH/Beachwood/10-Saratoga-Ct-44122/home/71056751,Yes MLS,4116963,N,Y,41.496027,-81.496633
MLS Listing,,Single Family Residential,20217 Shakerwood Rd,Warrensville Heights,OH,44122,97500,3,1.5,Shakerwood 03a,,6098,1949,7,,,Active,,,http://www.redfin.com/OH/Warrensville-Heights/20217-Shakerwood-Rd-44122/home/66171365,Yes MLS,4116860,N,Y,41.4551157,-81.536619
MLS Listing,,Single Family Residential,19407 Shakerwood Rd,Warrensville Heights,OH,44122,42500,3,1.5,Shakerwood 06a,1246,6098,1950,8,34,,Active,,,http://www.redfin.com/OH/Warrensville-Heights/19407-Shakerwood-Rd-44122/home/71097217,Yes MLS,4116414,N,Y,41.4552014,-81.5429086
MLS Listing,,Single Family Residential,21350 Almar Dr,Shaker Heights,OH,44122,260000,5,4.0,Vansweringen Cos 29,4996,30491,1958,9,52,,Active,,,http://www.redfin.com/OH/Shaker-Heights/21350-Almar-Dr-44122/home/71044833,Yes MLS,4116097,N,Y,41.4722019,-81.5292358
MLS Listing,,Condo/Co-op,2632 S Green Rd,University Heights,OH,44122,149000,3,2.5,Villas/Green Condo,2292,116740,1973,9,65,500,Active,,,http://www.redfin.com/OH/Beachwood/2632-S-Green-Rd-44122/home/71036816,Yes MLS,4115373,N,Y,41.488786,-81.518471
MLS Listing,,Single Family Residential,23902 E Baintree Rd,Beachwood,OH,44122,219500,4,2.0,Rapid Transit Lands Sales Cos,,5662,1950,11,,,Active,July-28-2019 12:00 PM,July-28-2019 02:00 PM,http://www.redfin.com/OH/Beachwood/23902-E-Baintree-Rd-44122/home/71054766,Yes MLS,4115223,N,Y,41.498544,-81.5103298
MLS Listing,,Single Family Residential,2527 Green Rd,Beachwood,OH,44122,289000,4,2.5,Beachwood,2000,10018,1952,16,145,,Active,,,http://www.redfin.com/OH/Beachwood/2527-S-Green-Rd-44122/home/66095493,Yes MLS,4113824,N,Y,41.490682,-81.516638
MLS Listing,,Townhouse,3596 Ingleside Rd,Shaker Heights,OH,44122,115000,4,3.0,Shaker Heights,3390,5227,1930,17,34,,Active,,,http://www.redfin.com/OH/Shaker-Heights/3596-Ingleside-Rd-44122/home/66585486,Yes MLS,4113356,N,Y,41.4617912,-81.5558275
MLS Listing,,Single Family Residential,3858 E 188th St,Cleveland,OH,44122,45000,3,1.0,Kj Morrison Bldg Companys 3,1060,6969,1952,17,42,,Active,,,http://www.redfin.com/OH/Cleveland/3858-E-188th-St-44122/home/70797967,Yes MLS,4112497,N,Y,41.4549175,-81.5480085
MLS Listing,,Single Family Residential,26374 Annesley Rd,Beachwood,OH,44122,550000,5,3.5,Siegler & Sons Beachwood Cnt,,16988,1965,18,,,Active,July-28-2019 02:00 PM,July-28-2019 04:00 PM,http://www.redfin.com/OH/Beachwood/26374-Annesley-Rd-44122/home/66329146,Yes MLS,4112952,N,Y,41.4831817,-81.4920195
MLS Listing,,Single Family Residential,3651 Rawnsdale Rd,Shaker Heights,OH,44122,229900,4,3.5,Van Sweringen Cos 24,3598,6534,1933,21,64,,Active,,,http://www.redfin.com/OH/Shaker-Heights/3651-Rawnsdale-Rd-44122/home/66225804,Yes MLS,4110736,N,Y,41.460308,-81.5405866
MLS Listing,,Single Family Residential,2946 Boyce Rd,Shaker Heights,OH,44122,395000,4,3.0,Vansweringen Companys 44,3597,11761,1953,23,110,,Active,,,http://www.redfin.com/OH/Shaker-Heights/2946-Boyce-Rd-44122/home/71044710,Yes MLS,4111987,N,Y,41.4756846,-81.5349928
MLS Listing,,Single Family Residential,24060 Buckhurst Dr,Beachwood,OH,44122,2995000,4,5.0,Fairmount Park,8527,50529,2009,23,351,,Active,,,http://www.redfin.com/OH/Beachwood/24060-Buckhurst-Dr-44122/home/71056194,Yes MLS,4111370,N,Y,41.4872891,-81.509215
MLS Listing,,Single Family Residential,23551 S Woodland Rd,Shaker Heights,OH,44122,299900,3,2.0,Vansweringen,2336,17424,1954,23,128,,Active,July-28-2019 01:00 PM,July-28-2019 03:00 PM,http://www.redfin.com/OH/Shaker-Heights/23551-S-Woodland-Rd-44122/home/66142782,Yes MLS,4108719,N,Y,41.4741026,-81.5132239
MLS Listing,,Single Family Residential,23768 Wimbledon Rd,Shaker Heights,OH,44122,289000,5,2.5,Shaker Heights,2938,10454,1956,23,98,,Active,,,http://www.redfin.com/OH/Shaker-Heights/23768-Wimbledon-Rd-44122/home/66119669,Yes MLS,4097870,N,Y,41.4754839,-81.5117019
MLS Listing,,Single Family Residential,3104 Kingsley Rd,Shaker Heights,OH,44122,449900,4,2.5,Van Sweringen Cos 18,3786,11325,1963,28,119,,Active,July-28-2019 12:00 PM,July-28-2019 02:00 PM,http://www.redfin.com/OH/Shaker-Heights/3104-Kingsley-Rd-44122/home/71044685,Yes MLS,4110276,N,Y,41.4733047,-81.5420354
MLS Listing,,Single Family Residential,26600 Hurlingham Rd,Beachwood,OH,44122,439000,5,2.5,Van Sweringen Cos Shaker Coun,3478,43995,1953,29,126,,Active,,,http://www.redfin.com/OH/Beachwood/26600-Hurlingham-Rd-44122/home/71057500,Yes MLS,4109911,N,Y,41.4819706,-81.4908615
MLS Listing,,Single Family Residential,4061 Ascot Ln,Warrensville Heights,OH,44122,69900,3,1.0,Warrensville Heights,2378,7840,1956,30,29,,Active,,,http://www.redfin.com/OH/Warrensville-Heights/4061-Ascot-Ln-44122/home/66123558,Yes MLS,4109935,N,Y,41.4488558,-81.5437402
MLS Listing,,Single Family Residential,19301 Shaker Blvd,Shaker Heights,OH,44122,549000,5,5.5,Shaker Heights,6378,20037,1962,30,86,,Active,July-28-2019 12:00 PM,July-28-2019 01:30 PM,http://www.redfin.com/OH/Shaker-Heights/19301-Shaker-Blvd-44122/home/71043884,Yes MLS,4109560,N,Y,41.4789209,-81.5440964
MLS Listing,,Single Family Residential,2700 Landon Rd,Shaker Heights,OH,44122,575000,5,4.5,Shaker Heights,4669,13939,1935,31,123,,Active,,,http://www.redfin.com/OH/Shaker-Heights/2700-Landon-Rd-44122/home/71045283,Yes MLS,4107403,N,Y,41.4822348,-81.5217573
MLS Listing,,Single Family Residential,3991 Wendy,Cleveland,OH,44122,65000,4,1.0,Cleveland,,,1953,31,,,Active,,,http://www.redfin.com/OH/Cleveland/3991-Wendy-Dr-44122/home/66304222,Yes MLS,4109452,N,Y,41.4508426,-81.5517116
MLS Listing,,Single Family Residential,3171 Somerset Dr,Shaker Heights,OH,44122,235900,4,2.5,Shaker Heights,2194,12632,1956,32,108,,Active,,,http://www.redfin.com/OH/Shaker-Heights/3171-Somerset-Dr-44122/home/71044765,Yes MLS,4107798,N,Y,41.4728285,-81.5335595
MLS Listing,,Single Family Residential,23743 Greenlawn Ave,Beachwood,OH,44122,314000,4,2.5,Greenlawn 02,2945,7405,1964,32,107,,Active,,,http://www.redfin.com/OH/Beachwood/23743-Greenlawn-Ave-44122/home/66239744,Yes MLS,4109035,N,Y,41.4956836,-81.5112517
MLS Listing,,Single Family Residential,25415 S Woodland Rd,Beachwood,OH,44122,359900,4,2.5,Van Sweringen Co Sub #45,2848,17859,1977,32,126,,Active,,,http://www.redfin.com/OH/Beachwood/25415-S-Woodland-Rd-44122/home/66401660,Yes MLS,4107414,N,Y,41.474,-81.4990097
MLS Listing,,Single Family Residential,17722 Chagrin Blvd,Shaker Heights,OH,44122,100000,3,1.5,Vans,1008,7840,1902,34,99,,Active,,,http://www.redfin.com/OH/Shaker-Heights/17722-Chagrin-Blvd-44122/home/66412994,Yes MLS,4108583,N,Y,41.4643164,-81.5543936
MLS Listing,,Single Family Residential,21049 Shaker Blvd,Shaker Heights,OH,44122,515000,5,5.0,Vansweringen,5055,28314,1957,35,102,,Active,,,http://www.redfin.com/OH/Shaker-Heights/21049-Shaker-Blvd-44122/home/66391828,Yes MLS,4107335,N,Y,41.4796506,-81.531572
MLS Listing,,Single Family Residential,3430 Colton Rd,Shaker Heights,OH,44122,175000,3,2.0,Resub,2276,9147,1957,35,77,,Active,July-28-2019 02:30 PM,July-28-2019 04:30 PM,http://www.redfin.com/OH/Shaker-Heights/3430-Colton-Rd-44122/home/71051901,Yes MLS,4108383,N,Y,41.4662795,-81.5336508
MLS Listing,,Single Family Residential,3005 Kingsley Rd,Shaker Heights,OH,44122,499000,6,4.5,Van Sweringen Cos 15,3703,11325,1927,36,135,,Active,July-28-2019 02:00 PM,July-28-2019 03:30 PM,http://www.redfin.com/OH/Shaker-Heights/3005-Kingsley-Rd-44122/home/69918487,Yes MLS,4104910,N,Y,41.4747004,-81.5413147
MLS Listing,,Condo/Co-op,25872 Fairmount Blvd,Beachwood,OH,44122,245000,3,2.5,Fairmount Court Condo,2610,,1986,36,94,459,Active,,,http://www.redfin.com/OH/Beachwood/25872-Fairmount-Blvd-44122/home/71057638,Yes MLS,4106869,N,Y,41.4851526,-81.4958745
MLS Listing,,Condo/Co-op,19101 Van Aken Blvd #422,Shaker Heights,OH,44122,34900,2,1.0,Shaker Club Condo,804,,1948,39,43,570,Active,,,http://www.redfin.com/OH/Shaker-Heights/19101-Van-Aken-Blvd-44122/unit-422/home/66172790,Yes MLS,4107005,N,Y,41.4672614,-81.5441209
MLS Listing,,Single Family Residential,2700 Chesterton Rd,Shaker Heights,OH,44122,1290000,5,5.5,Vansweringen,,24829,1929,41,,,Active,,,http://www.redfin.com/OH/Shaker-Heights/2700-Chesterton-Rd-44122/home/66203495,Yes MLS,4106277,N,Y,41.4823636,-81.5386422
MLS Listing,,Single Family Residential,2495 Deborah Dr,Beachwood,OH,44122,279000,3,2.5,Beachwood,2020,18730,1958,42,138,,Active,,,http://www.redfin.com/OH/Beachwood/2495-Deborah-Dr-44122/home/71055563,Yes MLS,4106095,N,Y,41.4916298,-81.5075857
MLS Listing,,Single Family Residential,23810 E Baintree Rd,Beachwood,OH,44122,229900,3,2.0,Beachwood,1849,5662,1950,43,124,,Active,,,http://www.redfin.com/OH/Beachwood/23810-E-Baintree-Rd-44122/home/71054772,Yes MLS,4104596,N,Y,41.4985433,-81.5108443
MLS Listing,,Single Family Residential,25542 Concord Dr,Beachwood,OH,44122,279900,5,2.0,Hampshire Park Country Estates,,25700,1956,43,,,Active,July-28-2019 01:00 PM,July-28-2019 04:00 PM,http://www.redfin.com/OH/Beachwood/25542-Concord-Dr-44122/home/71058892,Yes MLS,4104931,N,Y,41.4574901,-81.4982807
MLS Listing,,Single Family Residential,22411 S Woodland Rd,Shaker Heights,OH,44122,259900,4,2.5,Van Sweringen Companys,2640,12632,1956,44,98,,Active,July-27-2019 01:00 PM,July-27-2019 03:00 PM,http://www.redfin.com/OH/Shaker-Heights/22411-S-Woodland-Rd-44122/home/66220791,Yes MLS,4103726,N,Y,41.474152,-81.5204259
MLS Listing,,Condo/Co-op,19201 Van Aken Blvd #513,Shaker Heights,OH,44122,49900,2,2.0,Shaker Club,901,,1948,44,55,795,Active,,,http://www.redfin.com/OH/Shaker-Heights/19201-Van-Aken-Blvd-44122/unit-513/home/66125787,Yes MLS,4105304,N,Y,41.4672614,-81.5441209
MLS Listing,,Single Family Residential,22026 Shelburne,Shaker Heights,OH,44122,239000,4,2.5,Shaker Heights,3612,,1957,45,66,32,Active,,,http://www.redfin.com/OH/Shaker-Heights/22026-Shelburne-Rd-44122/home/66418303,Yes MLS,4103654,N,Y,41.4834787,-81.5243062
MLS Listing,,Single Family Residential,21001 S Woodland Rd,Shaker Heights,OH,44122,209900,5,2.5,Shaker Heights,3256,13503,1953,46,64,,Active,,,http://www.redfin.com/OH/Shaker-Heights/21001-S-Woodland-Rd-44122/home/66441572,Yes MLS,4104669,N,Y,41.4741925,-81.531229
MLS Listing,,Single Family Residential,24470 Shaker Blvd,Beachwood,OH,44122,309500,3,2.0,Beachwood,2487,20037,1957,46,124,,Active,July-28-2019 02:30 PM,July-28-2019 04:30 PM,http://www.redfin.com/OH/Beachwood/24470-Shaker-Blvd-44122/home/66149135,Yes MLS,4104482,N,Y,41.4774558,-81.5061064
MLS Listing,,Single Family Residential,3562 Townley Rd,Shaker Heights,OH,44122,149900,4,3.5,Vansweringen Companys 22,2061,5662,1936,50,73,,Active,,,http://www.redfin.com/OH/Shaker-Heights/3562-Townley-Rd-44122/home/71053259,Yes MLS,4103739,N,Y,41.46277,-81.5460094
MLS Listing,,Single Family Residential,22870 Canterbury Ln,Shaker Heights,OH,44122,749900,4,4.0,Canterbury Lane Estates Inc,5412,21344,1956,50,139,,Active,,,http://www.redfin.com/OH/Shaker-Heights/22870-Canterbury-Ln-44122/home/66464183,Yes MLS,4103500,N,Y,41.4718568,-81.517747
MLS Listing,,Single Family Residential,23276 Laureldale Rd,Shaker Heights,OH,44122,600000,4,3.5,Vansweringen,4609,33976,1935,52,130,,Active,,,http://www.redfin.com/OH/Shaker-Heights/23276-Laureldale-Rd-44122/home/71046006,Yes MLS,4099005,N,Y,41.4800609,-81.5153462
MLS Listing,,Single Family Residential,19700 Marchmont Rd,Shaker Heights,OH,44122,385000,3,4.5,Vansweringen Companys 18,,19602,1952,56,,,Active,,,http://www.redfin.com/OH/Shaker-Heights/19700-Marchmont-Rd-44122/home/71044696,Yes MLS,4101484,N,Y,41.472055,-81.5411729
MLS Listing,,Single Family Residential,3394 Ingleside Rd,Shaker Heights,OH,44122,154900,3,1.5,Fernway,2030,7840,1927,56,76,,Active,,,http://www.redfin.com/OH/Shaker-Heights/3394-Ingleside-Rd-44122/home/66227478,Yes MLS,4097741,N,Y,41.4674594,-81.5526688
MLS Listing,,Single Family Residential,3158 Somerset Dr,Shaker Heights,OH,44122,295000,5,4.5,Van Sweringen Companys,3192,22215,1961,56,92,,Active,July-28-2019 03:00 PM,July-28-2019 05:00 PM,http://www.redfin.com/OH/Shaker-Heights/3158-Somerset-Dr-44122/home/66453316,Yes MLS,4101136,N,Y,41.472345,-81.5344535
MLS Listing,,Single Family Residential,21006 Brantley Rd,Shaker Heights,OH,44122,695000,6,4.0,Vansweringen Companys 28,,17424,1926,56,,,Active,,,http://www.redfin.com/OH/Shaker-Heights/21006-Brantley-Rd-44122/home/71045883,Yes MLS,4101392,N,Y,41.480167,-81.5315628
MLS Listing,,Single Family Residential,20720 Patterson Pkwy,Highland Hills,OH,44122,139900,3,1.5,Northfield Park Companys Northf,2600,11325,1952,57,54,,Active,,,http://www.redfin.com/OH/Highland-Hills/20720-Patterson-Pkwy-44122/home/71096509,Yes MLS,4101067,N,Y,41.4473198,-81.5334365
MLS Listing,,Single Family Residential,22905 Canterbury Ln,Shaker Heights,OH,44122,349900,4,2.5,Shaker Country Estates 32,4116,32670,1977,58,85,,Active,July-28-2019 02:30 PM,July-28-2019 04:30 PM,http://www.redfin.com/OH/Shaker-Heights/22905-Canterbury-Ln-44122/home/71046781,Yes MLS,4100777,N,Y,41.4723722,-81.5168467
MLS Listing,,Single Family Residential,2757 Richmond Rd,Beachwood,OH,44121,255000,3,2.5,Beachwood,2018,27007,1976,59,126,,Active,,,http://www.redfin.com/OH/Beachwood/2757-Richmond-Rd-44122/home/66552911,Yes MLS,4096722,N,Y,41.4841132,-81.4972515
MLS Listing,,Single Family Residential,26907 N Woodland Rd,Beachwood,OH,44122,699000,5,4.5,Joseph Moldavers Proposed All,4052,20908,1956,64,173,,Active,,,http://www.redfin.com/OH/Beachwood/26907-N-Woodland-Rd-44122/home/71056907,Yes MLS,4097004,N,Y,41.4922218,-81.488374
MLS Listing,,Single Family Residential,18115 Scottsdale Blvd,Shaker Heights,OH,44122,129900,3,1.5,Vansweringen Companies 21,1867,5662,1962,64,70,,Active,,,http://www.redfin.com/OH/Shaker-Heights/18115-Scottsdale-Blvd-44122/home/71051832,Yes MLS,4092737,N,Y,41.4579243,-81.5524906
MLS Listing,,Single Family Residential,3560 Tolland Rd,Shaker Heights,OH,44122,104900,3,1.5,Stoer,1544,6098,1952,65,68,,Active,,,http://www.redfin.com/OH/Shaker-Heights/3560-Tolland-Rd-44122/home/66453855,Yes MLS,4098644,N,Y,41.4628098,-81.5433972
MLS Listing,,Single Family Residential,2706 Dryden Rd,Shaker Heights,OH,44122,589000,6,4.0,Shaker Heights,3937,13068,1939,65,150,,Active,,,http://www.redfin.com/OH/Shaker-Heights/2706-Dryden-Rd-44122/home/66496149,Yes MLS,4098166,N,Y,41.4822558,-81.5262086
MLS Listing,,Single Family Residential,24750 S Woodland Rd,Beachwood,OH,44122,549900,4,4.5,Van Sweringen Cos Shaker Cntr,6917,20908,1955,67,79,,Active,July-28-2019 02:00 PM,July-28-2019 04:00 PM,http://www.redfin.com/OH/Beachwood/24750-S-Woodland-Rd-44122/home/66189914,Yes MLS,4096900,N,Y,41.4732466,-81.5040268
MLS Listing,,Single Family Residential,24712 Wimbledon Rd,Beachwood,OH,44122,419000,4,2.5,Van Sweringen Companys,3376,18730,1956,67,124,,Active,,,http://www.redfin.com/OH/Beachwood/24712-Wimbledon-Rd-44122/home/71057438,Yes MLS,4096967,N,Y,41.4755005,-81.5040697
MLS Listing,,Single Family Residential,2435 Sittingbourne Ln,Beachwood,OH,44122,364900,3,3.0,Fairmount Park Estates,2496,17859,1958,71,146,,Active,,,http://www.redfin.com/OH/Beachwood/2435-Sittingbourne-Ln-44122/home/71056146,Yes MLS,4096938,N,Y,41.4932001,-81.5031263
MLS Listing,,Single Family Residential,18212 Kares Ave,Cleveland,OH,44122,58000,4,1.5,Cleveland,1194,6534,1953,71,49,,Active,,,http://www.redfin.com/OH/Cleveland/18212-Kares-Ave-44122/home/70798162,Yes MLS,4096933,N,Y,41.4505115,-81.5514368
MLS Listing,,Single Family Residential,21300 Almar Dr,Shaker Heights,OH,44122,345000,4,3.0,Van Sweringen Companys Sub 29,3459,13503,1939,71,100,,Active,,,http://www.redfin.com/OH/Shaker-Heights/21300-Almar-Dr-44122/home/71044830,Yes MLS,4096769,N,Y,41.4722367,-81.5297074
MLS Listing,,Vacant Land,3621 Glencairn Rd,Shaker Heights,OH,44122,15000,,,Van Sweringen Companys Sub 22,,5662,,71,,,Active,,,http://www.redfin.com/OH/Shaker-Heights/3621-Glencairn-Rd-44122/home/66587211,Yes MLS,4093044,N,Y,41.4611065,-81.551394
MLS Listing,,Single Family Residential,3973 E 186th St,Cleveland,OH,44122,55900,3,1.0,Cleveland,1824,6098,1951,71,31,,Active,,,http://www.redfin.com/OH/Cleveland/3973-E-186th-St-44122/home/70798251,Yes MLS,4096798,N,Y,41.4515664,-81.5486299
MLS Listing,,Condo/Co-op,19901 Van Aken Blvd Unit C-106,Shaker Heights,OH,44122,79900,2,2.0,Shaker Villas/Ohio 02 Condo,1160,68389,1952,72,69,573,Active,,,http://www.redfin.com/OH/Shaker-Heights/19901-Van-Aken-Blvd-44122/unit-C-106/home/71052018,Yes MLS,4096266,N,Y,41.4673761,-81.5395657
MLS Listing,,Single Family Residential,3852 E 188th St,Cleveland,OH,44122,45000,3,1.0,Morrison,1060,7840,1952,72,42,,Active,,,http://www.redfin.com/OH/Cleveland/3852-E-188th-St-44122/home/70798004,Yes MLS,4095495,N,Y,41.4550728,-81.5480085
MLS Listing,,Townhouse,3 Bordeaux,Beachwood,OH,44122,294900,3,2.5,Beachwood,2857,,1989,77,103,581,Active,,,http://www.redfin.com/OH/Beachwood/3-Bordeaux-Ln-44122/unit-3/home/66409877,Yes MLS,4095288,N,Y,41.495572,-81.496057
MLS Listing,,Single Family Residential,2260 Richmond Rd,Beachwood,OH,44122,249900,3,4.0,Beachwood,2284,17859,1952,78,109,,Active,,,http://www.redfin.com/OH/Beachwood/2260-Richmond-Rd-44122/home/71055392,Yes MLS,4093526,N,Y,41.4970448,-81.4982163
MLS Listing,,Single Family Residential,23280 S Woodland Rd,Shaker Heights,OH,44122,275000,5,3.0,Shaker Heights,4725,24393,1955,79,58,,Active,,,http://www.redfin.com/OH/Shaker-Heights/23280-S-Woodland-Rd-44122/home/71046569,Yes MLS,4089773,N,Y,41.4733046,-81.5150246
MLS Listing,,Single Family Residential,19206 Gladstone Rd,Warrensville Heights,OH,44122,49900,4,2.0,Berwald Stewart Cos Ctr Kinsm,1354,12632,1950,80,37,,Active,,,http://www.redfin.com/OH/Warrensville-Heights/19206-Gladstone-Rd-44122/home/71059828,Yes MLS,4094040,N,Y,41.4535231,-81.5443658
MLS Listing,,Single Family Residential,2758 Claythorne Rd,Shaker Heights,OH,44122,450000,5,4.5,Vansweringen,3626,46173,1977,81,124,,Active,,,http://www.redfin.com/OH/Shaker-Heights/2758-Claythorne-Rd-44122/home/66274407,Yes MLS,4091662,N,Y,41.4803157,-81.5356649
MLS Listing,,Condo/Co-op,5 Hampton Ct,Beachwood,OH,44122,599000,3,3.5,The Village,3935,,1985,81,152,784,Active,,,http://www.redfin.com/OH/Beachwood/5-Hampton-Ct-44122/home/71056655,Yes MLS,4092897,N,Y,41.4894918,-81.4954932
MLS Listing,,Single Family Residential,2 Strawbridge Ct,Beachwood,OH,44122,525000,3,2.5,The Village,3900,2613,1988,84,135,734,Active,,,http://www.redfin.com/OH/Beachwood/2-Strawbridge-Ct-44122/home/71056918,Yes MLS,4092843,N,Y,41.4916116,-81.4906042
MLS Listing,,Condo/Co-op,5 Salem Ct,Beachwood,OH,44122,449900,3,2.5,Beachwood,5454,,1989,84,82,772,Active,,,http://www.redfin.com/OH/Beachwood/5-Salem-Ct-44122/home/71056913,Yes MLS,4092519,N,Y,41.4930593,-81.4881596
MLS Listing,,Single Family Residential,23112 Beachwood Blvd,Beachwood,OH,44122,399000,7,4.5,Rapid Transit Land Sales Cos,4189,12196,1952,84,95,,Active,,,http://www.redfin.com/OH/Beachwood/23112-Beachwood-Blvd-44122/home/71054658,Yes MLS,4092524,N,Y,41.4971273,-81.5158178
MLS Listing,,Single Family Residential,22511 Rye Rd,Shaker Heights,OH,44122,283000,4,2.5,Vansweringen Companys 44,4004,2613,1956,86,71,,Active,July-28-2019 12:00 PM,July-28-2019 02:00 PM,http://www.redfin.com/OH/Shaker-Heights/22511-Rye-Rd-44122/home/71046636,Yes MLS,4070533,N,Y,41.475064,-81.5207608
MLS Listing,,Single Family Residential,18120 Scottsdale Blvd,Shaker Heights,OH,44122,175900,3,1.5,Vansweringen,2036,6098,1942,91,86,,Active,,,http://www.redfin.com/OH/Shaker-Heights/18120-Scottsdale-Blvd-44122/home/66181947,Yes MLS,4090612,N,Y,41.4574137,-81.5523796
MLS Listing,,Single Family Residential,3621 Winchell Rd,Shaker Heights,OH,44122,178000,3,1.5,Vansweringen,2130,5662,1957,91,84,,Active,,,http://www.redfin.com/OH/Shaker-Heights/3621-Winchell-Rd-44122/home/66155103,Yes MLS,4090602,N,Y,41.461116,-81.5478226
MLS Listing,,Single Family Residential,19213 Scottsdale Blvd,Shaker Heights,OH,44122,179000,4,3.5,Shaker Heights,3220,6969,1966,92,56,,Active,,,http://www.redfin.com/OH/Shaker-Heights/19213-Scottsdale-Blvd-44122/home/71053356,Yes MLS,4086135,N,Y,41.458004,-81.54407
MLS Listing,,Single Family Residential,23913 Woodway Rd,Beachwood,OH,44122,689000,6,3.5,Rapid Transit Land Cos Sub,5024,7405,2019,93,137,,Active,,,http://www.redfin.com/OH/Beachwood/23913-Woodway-Rd-44122/home/66306032,Yes MLS,4089871,N,Y,41.4964596,-81.5099439
MLS Listing,,Single Family Residential,2929 Morley Rd,Shaker Heights,OH,44122,470000,6,4.0,Van Sweringen Companys,3635,17859,1925,95,129,,Active,July-28-2019 01:00 PM,July-28-2019 03:00 PM,http://www.redfin.com/OH/Shaker-Heights/2929-Morley-Rd-44122/home/71043996,Yes MLS,4089065,N,Y,41.4760758,-81.5375209
MLS Listing,,Single Family Residential,23820 Fairmount Blvd,Shaker Heights,OH,44122,164900,3,2.5,Vansweringen,2179,12196,1956,100,76,,Active,,,http://www.redfin.com/OH/Shaker-Heights/23820-Fairmount-Blvd-44122/home/66158649,Yes MLS,4087915,N,Y,41.4859768,-81.5114017
MLS Listing,,Single Family Residential,20129 Scottsdale Blvd,Shaker Heights,OH,44122,204000,5,4.0,Shaker Heights,3145,,1948,106,65,,Active,,,http://www.redfin.com/OH/Shaker-Heights/20129-Scottsdale-Blvd-44122/home/71053903,Yes MLS,4085523,N,Y,41.4579599,-81.5376798
MLS Listing,,Single Family Residential,20112 Kings Hwy,Warrensville Heights,OH,44122,104900,3,2.0,Ladnar Homestead,2110,11325,1950,106,50,,Active,,,http://www.redfin.com/OH/Warrensville-Heights/20112-Kings-Hwy-44122/home/71060665,Yes MLS,4081095,N,Y,41.4515513,-81.537637
MLS Listing,,Single Family Residential,2408 Beachwood Blvd,Beachwood,OH,44122,699000,4,3.5,Beachwood,4861,13068,1961,109,144,,Active,,,http://www.redfin.com/OH/Beachwood/2408-Beachwood-Blvd-44122/home/66278700,Yes MLS,4083533,N,Y,41.4937083,-81.5126022
MLS Listing,,Single Family Residential,22855 Canterbury Ln,Shaker Heights,OH,44122,519000,5,5.0,Canterbury,5875,24393,1959,109,88,,Active,July-28-2019 02:30 PM,July-28-2019 04:30 PM,http://www.redfin.com/OH/Shaker-Heights/22855-Canterbury-Ln-44122/home/66444720,Yes MLS,4082232,N,Y,41.4724096,-81.5178757
MLS Listing,,Single Family Residential,2706 Wadsworth Rd,Shaker Heights,OH,44122,499000,6,3.5,Shaker Heights,4207,12196,1927,109,119,,Active,July-28-2019 12:00 PM,July-28-2019 01:30 PM,http://www.redfin.com/OH/Shaker-Heights/2706-Wadsworth-Rd-44122/home/71045273,Yes MLS,4082703,N,Y,41.4822043,-81.5201907
MLS Listing,,Single Family Residential,21849 Byron Rd,Shaker Heights,OH,44122,239900,4,3.0,Vansweringen,3493,12632,1955,112,69,,Active,,,http://www.redfin.com/OH/Shaker-Heights/21849-E-Byron-Rd-44122/home/71046069,Yes MLS,4083589,N,Y,41.4760461,-81.5255922
MLS Listing,,Condo/Co-op,7 Chelsea Ct,Beachwood,OH,44122,299900,3,2.5,Park Dev Prcl Ix-D3,2182,1742,1989,113,137,588,Active,,,http://www.redfin.com/OH/Beachwood/7-Chelsea-Ct-44122/home/71056788,Yes MLS,4083600,N,Y,41.494479,-81.496563
MLS Listing,,Single Family Residential,3911 E 189th St,Cleveland,OH,44122,60000,3,1.0,Morrison,936,6098,1954,114,64,,Active,,,http://www.redfin.com/OH/Cleveland/3911-E-189th-St-44122/home/66403207,Yes MLS,4083314,N,Y,41.4533254,-81.5464229
MLS Listing,,Townhouse,2624 S Green Rd,University Heights,OH,44122,150000,3,2.5,Villas/Green Condo,2292,116740,1973,114,65,500,Active,,,http://www.redfin.com/OH/Beachwood/2624-S-Green-Rd-44122/home/71036818,Yes MLS,4083240,N,Y,41.488786,-81.518471
MLS Listing,,Single Family Residential,3716 Lytle Rd,Shaker Heights,OH,44122,184999,4,2.5,Vansweringen,2493,6969,1932,114,74,,Active,,,http://www.redfin.com/OH/Shaker-Heights/3716-Lytle-Rd-44122/home/66485470,Yes MLS,4082712,N,Y,41.4585517,-81.5378084
MLS Listing,,Single Family Residential,21155 Shelburne Rd,Shaker Heights,OH,44122,399000,4,4.5,Van Sweringen Company's Resub,4072,13503,1959,114,98,,Active,July-28-2019 02:30 PM,July-28-2019 04:00 PM,http://www.redfin.com/OH/Shaker-Heights/21155-Shelburne-Rd-44122/home/66122727,Yes MLS,4081364,N,Y,41.483627,-81.5310362
MLS Listing,,Single Family Residential,18529 Van Aken Blvd,Shaker Heights,OH,44122,295000,3,2.5,Vansweringen Companys 17,3132,10890,1952,114,94,,Active,,,http://www.redfin.com/OH/Shaker-Heights/18529-Van-Aken-Blvd-44122/home/66480024,Yes MLS,4082094,N,Y,41.4670323,-81.5485387
MLS Listing,,Single Family Residential,3768 Belmont Rd,Woodmere,OH,44122,275000,3,1.0,S H Kleinmans Realty Companys,,76665,1928,115,,,Active,,,http://www.redfin.com/OH/Woodmere/3768-Belmont-Rd-44122/home/71124749,Yes MLS,4082772,N,Y,41.4574613,-81.4754206
MLS Listing,,Single Family Residential,24741 Bryden Rd,Beachwood,OH,44122,295000,3,2.5,Beachwood,3184,21344,1949,117,93,,Active,,,http://www.redfin.com/OH/Beachwood/24741-Bryden-Rd-44122/home/71058430,Yes MLS,4081494,N,Y,41.4700283,-81.5093008
MLS Listing,,Single Family Residential,3250 Green Rd,Beachwood,OH,44122,300000,2,2.0,Warrensville,1595,24829,1950,121,188,,Active,,,http://www.redfin.com/OH/Beachwood/3250-Green-Rd-44122/home/71058399,Yes MLS,4080698,N,Y,41.4702939,-81.5160321
MLS Listing,,Single Family Residential,29699 Harvard Rd,Orange,OH,44022,139900,2,1.0,Orange,1422,71874,1949,122,98,,Active,,,http://www.redfin.com/OH/Orange/29699-Harvard-RD-44022/home/160760410,Yes MLS,4080778,N,Y,41.45007,-81.468933
MLS Listing,,Single Family Residential,20776 Brantley Rd,Shaker Heights,OH,44122,599000,6,5.0,Vansweringen Companys 28,4569,17424,1936,122,131,,Active,July-28-2019 12:00 PM,July-28-2019 02:00 PM,http://www.redfin.com/OH/Shaker-Heights/20776-Brantley-Rd-44122/home/71045882,Yes MLS,4080003,N,Y,41.4801696,-81.5330357
MLS Listing,,Townhouse,3620 Ingleside Rd,Shaker Heights,OH,44122,96900,6,3.0,Vansweringen,,5227,1927,122,,,Active,,,http://www.redfin.com/OH/Shaker-Heights/3620-Ingleside-Rd-44122/home/71049981,Yes MLS,4080427,N,Y,41.4611264,-81.5558256
MLS Listing,,Single Family Residential,18927 Chagrin Blvd,Shaker Heights,OH,44122,174900,4,1.5,Van Sweringen Cos 25,1946,6098,1930,123,90,,Active,,,http://www.redfin.com/OH/Shaker-Heights/18927-Chagrin-Blvd-44122/home/71051274,Yes MLS,4080352,N,Y,41.464848,-81.546311
MLS Listing,,Single Family Residential,20933 Shelburne Rd,Shaker Heights,OH,44122,394000,4,5.0,Shaker Heights,3500,11761,1970,126,113,,Active,,,http://www.redfin.com/OH/Shaker-Heights/20933-Shelburne-Rd-44122/home/66138480,Yes MLS,4075648,N,Y,41.4837735,-81.5324935
MLS Listing,,Single Family Residential,2422 Richmond Rd #3,Beachwood,OH,44122,499000,3,2.5,Beachwood,2483,,2019,127,201,150,Active,,,http://www.redfin.com/OH/Beachwood/2422-Richmond-Rd-44122/unit-3/home/113423261,Yes MLS,4079408,N,Y,41.4931524,-81.4982986
MLS Listing,,Single Family Residential,2430 Richmond Rd #5,Beachwood,OH,44122,499000,3,2.5,Beachwood,2483,,2019,127,201,150,Active,,,http://www.redfin.com/OH/Beachwood/2430-Richmond-Rd-44122/unit-5/home/113423263,Yes MLS,4079407,N,Y,41.493068,-81.4982984
MLS Listing,,Single Family Residential,2418 Richmond Rd #8,Beachwood,OH,44122,499000,3,2.5,Beachwood,2483,,2019,127,201,150,Active,,,http://www.redfin.com/OH/Beachwood/2418-Richmond-Rd-44122/unit-8/home/113423266,Yes MLS,4079403,N,Y,41.4931935,-81.4982988
MLS Listing,,Single Family Residential,2414 Richmond Rd #10,Beachwood,OH,44122,499000,3,2.5,Beachwood,2483,,2019,127,201,150,Active,,,http://www.redfin.com/OH/Beachwood/2414-Richmond-Rd-44122/unit-10/home/113423276,Yes MLS,4079401,N,Y,41.4932357,-81.4982991
MLS Listing,,Single Family Residential,2412 Richmond Rd #11,Beachwood,OH,44122,499000,3,2.5,Beachwood,2483,,2019,127,201,150,Active,,,http://www.redfin.com/OH/Beachwood/2412-Richmond-Rd-44122/unit-11/home/113423277,Yes MLS,4079399,N,Y,41.4932568,-81.4982992
MLS Listing,,Single Family Residential,2410 Richmond Rd #12,Beachwood,OH,44122,499000,3,2.5,Beachwood,2483,,2019,127,201,150,Active,,,http://www.redfin.com/OH/Beachwood/2410-Richmond-Rd-44122/unit-12/home/113423278,Yes MLS,4079400,N,Y,41.4932779,-81.4982993
MLS Listing,,Single Family Residential,2708 Dryden Rd,Shaker Heights,OH,44122,899000,6,6.5,Shaker Heights,,13068,1931,129,,,Active,,,http://www.redfin.com/OH/Shaker-Heights/2708-Dryden-Rd-44122/home/66428850,Yes MLS,4077539,N,Y,41.4820938,-81.5259174
MLS Listing,,Single Family Residential,4245 E 189th St,Cleveland,OH,44122,109900,3,2.0,Keith Const Inc & Cole Const C,,6969,1962,133,,,Active,,,http://www.redfin.com/OH/Cleveland/4245-E-189th-St-44122/home/66279645,Yes MLS,4077700,N,Y,41.4434288,-81.5459451
MLS Listing,,Single Family Residential,24129 Greenlawn Ave,Beachwood,OH,44122,349900,4,2.5,Resub,2545,7405,1963,136,137,,Active,,,http://www.redfin.com/OH/Beachwood/24129-Greenlawn-Ave-44122/home/71054541,Yes MLS,4075544,N,Y,41.4956889,-81.5084433
MLS Listing,,Single Family Residential,3119 Courtland Blvd,Shaker Heights,OH,44122,1125000,5,5.0,Shaker Heights,6675,17859,1929,137,169,,Active,,,http://www.redfin.com/OH/Shaker-Heights/3119-Courtland-Blvd-44122/home/66387854,Yes MLS,4076268,N,Y,41.4730939,-81.5426301
MLS Listing,,Single Family Residential,3345 Grenway Rd,Shaker Heights,OH,44122,219000,4,2.5,Shaker Heights,1920,6534,1925,137,114,,Active,July-28-2019 02:00 PM,July-28-2019 03:30 PM,http://www.redfin.com/OH/Shaker-Heights/3345-Grenway-Rd-44122/home/66085562,Yes MLS,4075277,N,Y,41.4686446,-81.5541365
MLS Listing,,Single Family Residential,2951 Claremont Rd,Shaker Heights,OH,44122,250000,4,3.5,Shaker Heights,3185,11325,1925,144,78,32,Active,July-28-2019 02:00 PM,July-28-2019 03:30 PM,http://www.redfin.com/OH/Shaker-Heights/2951-Claremont-Rd-44122/home/66401655,Yes MLS,4069857,N,Y,41.4757347,-81.5481799
MLS Listing,,Single Family Residential,24331 Maidstone Ln,Beachwood,OH,44122,1350000,5,4.0,Fairmount Park,7829,20037,2018,147,172,,Active,,,http://www.redfin.com/OH/Beachwood/24331-Maidstone-Ln-44122/home/71055562,Yes MLS,4073265,N,Y,41.4909678,-81.5070283
MLS Listing,,Single Family Residential,25000 Woodside Ln,Beachwood,OH,44122,899900,4,4.0,Van Sweringen Cos Shaker Coun,6544,30491,1987,151,138,,Active,,,http://www.redfin.com/OH/Beachwood/25000-Woodside-Ln-44122/home/66138909,Yes MLS,4071569,N,Y,41.4720335,-81.5031049
MLS Listing,,Single Family Residential,3440 Rexway Rd,Beachwood,OH,44122,254000,4,2.5,Beachwood,1886,10018,1910,158,135,,Active,,,http://www.redfin.com/OH/Beachwood/3440-Rexway-Ave-44122/home/66289843,Yes MLS,4071104,N,Y,41.4657684,-81.5188617
MLS Listing,,Single Family Residential,20700 University Blvd,Shaker Heights,OH,44122,172800,4,4.0,Vansweringen,3957,25264,1957,162,44,,Active,,,http://www.redfin.com/OH/Shaker-Heights/20700-University-Blvd-44122/home/71045332,Yes MLS,4070052,N,Y,41.4842073,-81.5341652
MLS Listing,,Single Family Residential,23401 Bryden Rd,Shaker Heights,OH,44122,275000,4,3.5,Van Sweringen Cos Shaker Coun,4317,29185,1952,163,64,,Active,,,http://www.redfin.com/OH/Shaker-Heights/23401-Bryden-Rd-44122/home/71046539,Yes MLS,4069837,N,Y,41.4721723,-81.5141457
MLS Listing,,Single Family Residential,2723 Cranlyn Rd,Shaker Heights,OH,44122,615000,6,5.0,Shaker Heights,4108,16117,1932,172,150,,Active,,,http://www.redfin.com/OH/Shaker-Heights/2723-Cranlyn-Rd-44122/home/71045864,Yes MLS,4067598,N,Y,41.4812162,-81.5181114
MLS Listing,,Single Family Residential,21800 Shaker Blvd,Shaker Heights,OH,44122,335000,4,3.5,Van Sweringen Companys Sub 44,3306,18730,1956,199,101,,Active,,,http://www.redfin.com/OH/Shaker-Heights/21800-Shaker-Blvd-44122/home/71046106,Yes MLS,4062194,N,Y,41.4774407,-81.5261552
MLS Listing,,Condo/Co-op,19015 Van Aken Blvd #416,Shaker Heights,OH,44122,37500,2,2.5,Barclay Condo,1594,,1951,205,24,923,Active,,,http://www.redfin.com/OH/Shaker-Heights/19015-Van-Aken-Blvd-44122/unit-416/home/71051332,Yes MLS,4060878,N,Y,41.4672577,-81.5452201
MLS Listing,,Single Family Residential,23799 Stanford Rd,Shaker Heights,OH,44122,749900,5,6.0,Vansweringen,6596,16988,1936,235,114,,Active,,,http://www.redfin.com/OH/Shaker-Heights/23799-Stanford-Rd-44122/home/66398227,Yes MLS,4056333,N,Y,41.4806708,-81.5115304
MLS Listing,,Condo/Co-op,27500 Cedar Rd #709,Beachwood,OH,44122,254900,2,2.5,Point East Condo Ph #1,2325,,1979,239,110,1712,Active,,,http://www.redfin.com/OH/Beachwood/27500-Cedar-Rd-44122/unit-709/home/71096677,Yes MLS,4055654,N,Y,41.5003735,-81.4841583
MLS Listing,,Single Family Residential,2515 Deborah Dr,Beachwood,OH,44122,287900,2,2.0,Fairmount Park Estates,1591,17859,1957,248,181,,Active,,,http://www.redfin.com/OH/Beachwood/2515-Deborah-Dr-44122/home/66158656,Yes MLS,4054382,N,Y,41.4911287,-81.5076286
MLS Listing,,Single Family Residential,22061 Westchester Rd,Shaker Heights,OH,44122,259500,3,2.5,Vansweringen,,9147,1952,259,,,Active,,,http://www.redfin.com/OH/Shaker-Heights/22061-Westchester-Rd-44122/home/71046089,Yes MLS,4052049,N,Y,41.4769467,-81.5241442
MLS Listing,,Single Family Residential,25467 Halburton Rd,Beachwood,OH,44122,434900,5,3.0,Halburton Resub,3776,18295,1976,260,115,,Active,,,http://www.redfin.com/OH/Beachwood/25467-Halburton-Rd-44122/home/66164781,Yes MLS,4046133,N,Y,41.4670418,-81.5030405
MLS Listing,,Single Family Residential,3531 Norwood Rd,Shaker Heights,OH,44122,249000,4,3.5,Vansweringen,,6969,1936,266,,,Active,,,http://www.redfin.com/OH/Shaker-Heights/3531-Norwood-Rd-44122/home/66431416,Yes MLS,4050529,N,Y,41.4639195,-81.5422979
MLS Listing,,Single Family Residential,19418 Ridgewood Ave,Warrensville Heights,OH,44122,75000,3,1.0,Joseph Laronges Ladnar Homest,,6534,1949,267,,,Active,,,http://www.redfin.com/OH/Warrensville-Heights/19418-Ridgewood-Ave-44122/home/71059646,Yes MLS,4044855,N,Y,41.4506625,-81.5424275
MLS Listing,,Single Family Residential,23550 Fairmount Blvd,Shaker Heights,OH,44122,399900,4,3.5,Van Sweringen Cos Sub #30,2147,12196,2019,269,186,,Active,,,http://www.redfin.com/OH/Shaker-Heights/23550-Fairmount-Blvd-44122/home/106428660,Yes MLS,4049370,N,Y,41.4859455,-81.5130739
MLS Listing,,Single Family Residential,3556 Tolland Rd,Shaker Heights,OH,44122,148000,4,2.5,Shaker Heights,2187,,1940,355,68,,Active,,,http://www.redfin.com/OH/Shaker-Heights/3556-Tolland-Rd-44122/home/66558134,Yes MLS,4025470,N,Y,41.4629263,-81.5433972
MLS Listing,,Single Family Residential,19714 Lanbury Ave,Warrensville Heights,OH,44122,74900,3,1.5,Robret Dvoraks Shakerwood 20,,6534,1949,357,,,Active,,,http://www.redfin.com/OH/Warrensville-Heights/19714-Lanbury-Ave-44122/home/71059160,Yes MLS,4025021,N,Y,41.4556402,-81.5405371
MLS Listing,,Single Family Residential,3877 E 188th St,Cleveland,OH,44122,55000,3,1.0,H J Morrison Bldg Companys Su,,6098,1953,358,,,Active,,,http://www.redfin.com/OH/Cleveland/3877-E-188th-St-44122/home/66100743,Yes MLS,4024457,N,Y,41.4544169,-81.5475371
MLS Listing,,Single Family Residential,24099 Shaker Blvd,Shaker Heights,OH,44122,424900,5,5.5,Van Sweringen Companys,5075,20908,1956,374,84,,Active,,,http://www.redfin.com/OH/Shaker-Heights/24099-Shaker-Blvd-44122/home/71046049,Yes MLS,4018556,N,Y,41.4796438,-81.5094509
MLS Listing,,Single Family Residential,3860 Waterford Ct,Orange,OH,44122,699900,5,5.5,Orange,8829,68389,2004,385,79,58,Active,,,http://www.redfin.com/OH/Beachwood/3860-Waterford-Ct-44122/home/66094796,Yes MLS,4015854,N,Y,41.4553191,-81.4808038
MLS Listing,,Single Family Residential,24275 Hilltop Rd,Beachwood,OH,44122,725000,6,4.5,Hilltop Drive Sub,5167,15681,2018,417,140,,Active,,,http://www.redfin.com/OH/Beachwood/24275-Halcyon-Rd-44122/home/145607552,Yes MLS,4004792,N,Y,41.4933,-81.507132
MLS Listing,,Single Family Residential,24474 Maidstone Ln,Beachwood,OH,44122,655000,5,3.5,Fairmount Park,4152,19166,1960,508,158,,Active,,,http://www.redfin.com/OH/Beachwood/24474-Maidstone-Ln-44122/home/66317745,Yes MLS,3977583,N,Y,41.4904197,-81.5059135
MLS Listing,,Single Family Residential,3706 Winchell Rd,Shaker Heights,OH,44122,124000,3,2.5,Vansweringen,1352,5662,1931,553,92,,Active,,,http://www.redfin.com/OH/Shaker-Heights/3706-Winchell-Rd-44122/home/66273935,Yes MLS,3967772,N,Y,41.4587904,-81.5483877
MLS Listing,,Single Family Residential,18616 Parkland Dr,Shaker Heights,OH,44122,299000,5,5.5,Shaker Heights,6204,8712,1952,795,48,,Active,July-28-2019 12:30 PM,July-28-2019 02:00 PM,http://www.redfin.com/OH/Shaker-Heights/18616-Parkland-Dr-44122/home/66455671,Yes MLS,3905321,N,Y,41.4689523,-81.5475157
MLS Listing,,Single Family Residential,19400 N Park Blvd,Shaker Heights,OH,44122,3999900,6,9.5,Vansweringen,,152460,1949,1094,,,Active,,,http://www.redfin.com/OH/Shaker-Heights/19400-N-Park-Blvd-44122/home/66423165,Yes MLS,3830885,N,Y,41.4820867,-81.5438086
For-Sale-by-Owner Listing,,Single Family Residential,19200 Kings Hwy,Warrensville Heights,OH,44122,65500,2,1.0,Warrensville Heights,1447,5720,1950,156,45,,Active,,,http://www.redfin.com/OH/Warrensville-Heights/19200-Kings-Hwy-44122/home/71060630,Fizber.com,5002705,N,Y,41.4515663,-81.5446084
For-Sale-by-Owner Listing,,Single Family Residential,20438 Almar Dr,Shaker Heights,OH,44122,198000,3,2.0,Shaker Heights,1718,8598,1912,181,115,,Active,,,http://www.redfin.com/OH/Shaker-Heights/20438-Almar-Dr-44122/home/71051968,Fizber.com,4998048,N,Y,41.4711157,-81.5346477
